,0,1
0,النفراوي,الفواكه الدواني على رسالة ابن أبي زيد القيرواني.txt
1,الواقدي,مغازي الواقدي.txt
2,محمد بن يوسف المواق,التاج والإكليل لمختصر خليل.txt
3,محمد أورنك عالم كير,الفتاوى الهندية.txt
4,ابن القيم,إعلام الموقعين عن رب العالمين.txt
5,البجيرمي,حاشية البجيرمي على الخطيب.txt
6,ابن حجر العسقلاني,التلخيص الحبير في تخريج أحاديث الرافعي الكبير.txt
7,أبو بكر الحداد,الجوهرة النيرة.txt
8,ابن حجر العسقلاني,نخبة الفكر.txt
9,أبو حفص النسفي,طلبة الطلبة.txt
10,ابن فرحون، برهان الدين,تبصرة الحكام في أصول الأقضية ومناهج الأحكام.txt
11,القليوبي,حاشيتا قليوبي وعميرة.txt
12,الجلال السيوطي,حاشية السيوطي والسندي على سنن النسائي.txt
13,الزيلعي، فخر الدين,تبيين الحقائق شرح كنز الدقائق.txt
14,ابن حجر العسقلاني,إتحاف المهرة لابن حجر.txt
15,الشافعي,كتاب الأم للشافعي.txt
16,أبو عوانة,مستخرج أبي عوانة.txt
17,تقي الدين السبكي,فتاوى السبكي.txt
18,الرملي، شمس الدين,نهاية المحتاج إلى شرح المنهاج.txt
19,ابن أبي حاتم,تفسير ابن أبي حاتم.txt
20,السرخسي,شرح السير الكبير.txt
21,البهوتي,شرح منتهى الإرادات.txt
22,الحموي، أحمد بن محمد مكي,غمز عيون البصائر في شرح الأشباه والنظائر.txt
23,مسلم,صحيح مسلم.txt
24,العراقي,طرح التثريب.txt
25,الزيلعي، جمال الدين,نصب الراية.txt
26,ابن نجيم، زين الدين,البحر الرائق شرح كنز الدقائق.txt
27,عبد الرحمن شيخي زاده,مجمع الأنهر في شرح ملتقى الأبحر.txt
28,الماوردي,أدب الدنيا والدين.txt
29,أحمد الصاوي,حاشية الصاوي على الشرح الصغير.txt
30,الشيخ عبدالرحمن البراق,شرح مختصر في أصول العقائد الدينية.txt
31,محمد الخادمي,بريقة محمودية في شرح طريقة محمدية وشريعة نبوية.txt
32,الجلال السيوطي,الأشباه والنظائر.txt
33,ابن تيمية,السياسة الشرعية.txt
34,ابن الحاج,المدخل للعبدري.txt
35,السندي، محمد بن عبد الهادي,حاشية السندي على ابن ماجه.txt
36,البابرتي,العناية شرح الهداية.txt
37,علي حيدر,درر الحكام في شرح مجلة الأحكام.txt
38,ابن حجر الهيتمي,الزواجر عن اقتراف الكبائر.txt
39,ابن أبي عاصم,الآحاد والمثاني.txt
40,مالك بن أنس,المدونة..txt
41,البهوتي,كشاف القناع عن متن الإقناع.txt
42,الذهبي، شمس الدين,تاريخ الإسلام 1 و 2 المشكول.txt
43,الخطيب الشربيني,مغني المحتاج إلى معرفة ألفاظ المنهاج.txt
44,ميارة,شرح ميارة.txt
45,حافظ بن أحمد حكمي,متن سلم الوصول إلى علم الأصول.txt
46,أبو المعالي الجويني,الورقات في أصول الفقه.txt
47,أبو بكر ابن العربي,أحكام القرآن لابن العربي.txt
48,محمد بن أحمد الدسوقي,حاشية الدسوقي على الشرح الكبير.txt
49,السفاريني,غذاء الألباب في شرح منظومة الآداب.txt
50,ابن أمير حاج,التقرير والتحبير.txt
51,ابن رجب الحنبلي,القواعد لابن رجب.txt
52,حسن العطار,حاشية العطار على شرح الجلال المحلي على جمع الجوامع.txt
53,الشوكاني,نيل الأوتار.txt
54,الرصاع,شرح حدود ابن عرفة.txt
55,أبو الوليد الباجي,المنتقى شرح الموطأ.txt
56,الكاساني,بدائع الصنائع في ترتيب الشرائع.txt
57,الشوكاني,فتح القدير.txt
58,علاء الدين الطرابلسي,معين الحكام فيما يتردد بين الخصمين من الأحكام.txt
59,القرافي,أنوار البروق في أنواع الفروق.txt
60,عبد الملك بن هشام,سيرة ابن هشام.txt
61,بدر الدين الزركشي,البحر المحيط.txt
62,الإمام زين الدين عبد الرحيم العراقي,تقريب الأسانيد وترتيب المسانيد.txt
63,زكريا الأنصاري,أسنى المطالب.txt
64,مالك بن أنس,موطأ مالك.txt
65,علاء الدين البخاري,كشف الأسرار.txt
66,الرحيباني,مطالب أولي النهى في شرح غاية المنتهى.txt
67,المرداوي,الإنصاف..txt
68,,فضائل مجالس الذكر .txt
69,أحمد بن حنبل,مسند أحمد.txt
70,الشيزري,نهاية الرتبة الظريفة في طلب الحسبة الشريفة.txt
71,ابن الأخوة,معالم القربة في طلب الحسبة.txt
72,ابن حجر الهيتمي,الفتاوى الفقهية الكبرى.txt
73,محمد بن عبد الله الخرشي,شرح مختصر خليل للخرشي.txt
74,منلا خسرو,درر الحكام شرح غرر الأحكام.txt
75,أبو بكر الآجري,أخلاق حملة القرأن.txt
76,علي الصعيدي العدوي,حاشية العدوي على شرح كفاية الطالب الرباني.txt
77,الطحاوي,مشكل الآثار.txt
78,الجصاص,أحكام القرآن للجصاص.txt
79,الشاطبي الأصولي النحوي,الاعتصام..txt
80,شهاب الدين الرملي,فتاوى الرملي.txt
81,زكريا الأنصاري,شرح البهجة الوردية.txt
82,محمد بن أحمد عليش,منح الجليل شرح مختصر خليل.txt
83,ابن حجر الهيتمي,تحفة المحتاج في شرح المنهاج.txt
84,السرخسي,المبسوط.txt
85,ابن عابدين,رد المحتار.txt
86,شمس الدين ابن مفلح,الآداب الشرعية.txt
87,الماوردي,الأحكام السلطانية.txt
88,عبدالملك بن هشام,مبعث النبى صلى الله عليه وسلم.txt
89,ابن القيم,الطرق الحكمية.txt
90,محمد مهدي قشلان,صحيفة السجادية.txt
91,السهيلي,الروض الأنف.txt
92,ابن عابدين,تنقيح الفتاوى الحامدية.txt
93,غانم بن محمد البغدادي,مجمع الضمانات.txt
94,شمس الدين ابن مفلح,الفروع لابن مفلح.txt
